{"Hernia": {"precision": 0.0, "recall": 0.0, "f1-score": 0.0, "support": 11.0}, "Normal": {"precision": 0.0, "recall": 0.0, "f1-score": 0.0, "support": 20.0}, "Spondylolisthesis": {"precision": 0.5, "recall": 1.0, "f1-score": 0.6666666666666666, "support": 31.0}, "accuracy": 0.5, "macro avg": {"precision": 0.16666666666666666, "recall": 0.3333333333333333, "f1-score": 0.2222222222222222, "support": 62.0}, "weighted avg": {"precision": 0.25, "recall": 0.5, "f1-score": 0.3333333333333333, "support": 62.0}}