Feature,VIF
pelvic_tilt,16.059496271803287
sacral_slope,17.553548290202812
lumbar_lordosis_angle,19.84727048838021
pelvic_radius,57.06635819538937
pi_ss_ratio,71.82132278472488
degree_spondylolisthesis_PowerTransformer,2.8612278214693503
