{"Hernia": {"precision": 0.0, "recall": 0.0, "f1-score": 0.0, "support": 11.0}, "Normal": {"precision": 0.3225806451612903, "recall": 1.0, "f1-score": 0.4878048780487805, "support": 20.0}, "Spondylolisthesis": {"precision": 0.0, "recall": 0.0, "f1-score": 0.0, "support": 31.0}, "accuracy": 0.3225806451612903, "macro avg": {"precision": 0.10752688172043011, "recall": 0.3333333333333333, "f1-score": 0.16260162601626016, "support": 62.0}, "weighted avg": {"precision": 0.1040582726326743, "recall": 0.3225806451612903, "f1-score": 0.15735641227380015, "support": 62.0}}