{"_wandb":{"runtime":10},"_step":2,"data_shape":[310,7],"_timestamp":1.7521706115278306e+09,"_runtime":2.8000557,"data_description":{"artifact_path":"wandb-client-artifact://t6a523r1ujfwl3ambq9x1l4wwemkszgdnm92430g1jhs7ysk4jya36w66ivfkpxj0iu27rknfos0tumbukqxanbjxfcg8jei51oqcshwez7zlu2zd6ln0b88xw9ew7x8/data_description.table.json","nrows":8,"_latest_artifact_path":"wandb-client-artifact://txb0jm8fyrho3hgly2ievae22uh2wpqeor4iro7s642yywn0sxhbvabf1128seg5uo2mcpiuxavj26uta5ko2v0bcquv3m009vfqj26jkdsryco3viawijyj9ollzh8w:latest/data_description.table.json","size":923,"log_mode":"IMMUTABLE","sha256":"1846b4ad71309bf7b719a1209c9c70a846ba95beb20f39424ae892e15976a26b","_type":"table-file","path":"media/table/data_description_1_1846b4ad71309bf7b719.table.json","ncols":7},"Target_distribution":{"proportion":{"0":0.4838709677419355,"1":0.3225806451612903,"2":0.1935483870967742},"class_coded":{"2":1,"0":2,"1":0}}}