{"data_description":{"path":"media/table/data_description_1_1846b4ad71309bf7b719.table.json","ncols":7,"sha256":"1846b4ad71309bf7b719a1209c9c70a846ba95beb20f39424ae892e15976a26b","nrows":8,"log_mode":"IMMUTABLE","_latest_artifact_path":"wandb-client-artifact://x8ck5nhlx6g1xzdf7dkmhetjdyha5tp16ft5rhf2pbd8chu5pd1ivwlf5x0y7wk30chmgxduys50jna31n7jzjg462nhhjxtc473f07bsw5agqjgg573g0qf2g4rh65y:latest/data_description.table.json","_type":"table-file","size":923,"artifact_path":"wandb-client-artifact://cb5r3jvpy5jsrp4nm5iyccyy3c99k0l2w3gbjcpato68vqwgwq4nehnrdysqmp2f2pqeboupnu6hgiqxpky0qn97owjbcc6cz3lf9m7dpn420oomexf2hsxqqspmkjzv/data_description.table.json"},"Target_distribution":{"class_coded":{"1":0,"2":1,"0":2},"proportion":{"0":0.4838709677419355,"1":0.3225806451612903,"2":0.1935483870967742}},"_wandb":{"runtime":120},"_step":2,"data_shape":[310,7],"_timestamp":1.7521707453008327e+09,"_runtime":2.1393341}